<keymap version="1" name="Windows copy" parent="$default">
  <action id="$Redo">
    <keyboard-shortcut first-keystroke="shift ctrl z" />
    <keyboard-shortcut first-keystroke="shift alt back_space" />
    <keyboard-shortcut first-keystroke="ctrl y" />
  </action>
  <action id="ActivateCommitToolWindow" />
  <action id="ActivateFavoritesToolWindow" />
  <action id="ActivateTODOToolWindow">
    <keyboard-shortcut first-keystroke="alt 2" />
  </action>
  <action id="ActivateTerminalToolWindow">
    <keyboard-shortcut first-keystroke="alt 0" />
  </action>
  <action id="ChangeSplitOrientation">
    <keyboard-shortcut first-keystroke="shift ctrl alt 4" />
  </action>
  <action id="ChangesView.Revert">
    <keyboard-shortcut first-keystroke="ctrl alt z" />
    <keyboard-shortcut first-keystroke="shift ctrl semicolon" />
  </action>
  <action id="ChooseRunConfiguration">
    <keyboard-shortcut first-keystroke="shift alt f10" />
    <keyboard-shortcut first-keystroke="shift ctrl alt q" />
  </action>
  <action id="CloseAllEditors">
    <keyboard-shortcut first-keystroke="shift ctrl alt 8" />
  </action>
  <action id="CloseAllEditorsButActive">
    <keyboard-shortcut first-keystroke="ctrl alt 8" />
  </action>
  <action id="CodeCompletion">
    <keyboard-shortcut first-keystroke="shift space" />
  </action>
  <action id="Console.TableResult.DeleteRows" />
  <action id="Console.TableResult.SelectRow" />
  <action id="Editor Redo">
    <keyboard-shortcut first-keystroke="ctrl y" />
  </action>
  <action id="EditorDeleteLine">
    <keyboard-shortcut first-keystroke="shift ctrl alt period" />
  </action>
  <action id="Git.Branches">
    <keyboard-shortcut first-keystroke="shift ctrl back_quote" />
    <keyboard-shortcut first-keystroke="shift ctrl number_sign" />
  </action>
  <action id="Git.CreateNewBranch">
    <keyboard-shortcut first-keystroke="shift ctrl alt s" />
  </action>
  <action id="Git.Fetch">
    <keyboard-shortcut first-keystroke="shift ctrl alt a" />
  </action>
  <action id="Git.Merge">
    <keyboard-shortcut first-keystroke="shift ctrl alt z" />
  </action>
  <action id="Git.Pull">
    <keyboard-shortcut first-keystroke="shift ctrl alt p" />
  </action>
  <action id="Git.Rebase">
    <keyboard-shortcut first-keystroke="shift ctrl alt k" />
  </action>
  <action id="Git.Stash">
    <keyboard-shortcut first-keystroke="shift ctrl alt o" />
  </action>
  <action id="Git.Tag">
    <keyboard-shortcut first-keystroke="shift ctrl alt e" />
  </action>
  <action id="Git.Unstash">
    <keyboard-shortcut first-keystroke="shift ctrl alt r" />
  </action>
  <action id="MaximizeEditorInSplit">
    <keyboard-shortcut first-keystroke="shift ctrl alt 3" />
  </action>
  <action id="MaximizeToolWindow">
    <keyboard-shortcut first-keystroke="shift ctrl quote" />
    <keyboard-shortcut first-keystroke="shift ctrl alt 3" />
  </action>
  <action id="MoveEditorToOppositeTabGroup">
    <keyboard-shortcut first-keystroke="ctrl alt 9" />
  </action>
  <action id="MoveTabDown">
    <keyboard-shortcut first-keystroke="shift ctrl alt 2" />
  </action>
  <action id="MoveTabRight">
    <keyboard-shortcut first-keystroke="shift ctrl alt 1" />
  </action>
  <action id="NextSplitter">
    <keyboard-shortcut first-keystroke="ctrl alt 7" />
  </action>
  <action id="OpenEditorInOppositeTabGroup">
    <keyboard-shortcut first-keystroke="shift ctrl alt 9" />
  </action>
  <action id="PrevSplitter">
    <keyboard-shortcut first-keystroke="shift ctrl alt 7" />
  </action>
  <action id="ReopenClosedTab">
    <keyboard-shortcut first-keystroke="ctrl alt 0" />
  </action>
  <action id="ResizeToolWindowDown">
    <keyboard-shortcut first-keystroke="shift ctrl down" />
    <keyboard-shortcut first-keystroke="ctrl alt 5" />
  </action>
  <action id="ResizeToolWindowLeft">
    <keyboard-shortcut first-keystroke="shift ctrl left" />
    <keyboard-shortcut first-keystroke="ctrl alt 4" />
  </action>
  <action id="ResizeToolWindowRight">
    <keyboard-shortcut first-keystroke="shift ctrl right" />
    <keyboard-shortcut first-keystroke="ctrl alt 6" />
  </action>
  <action id="ResizeToolWindowUp">
    <keyboard-shortcut first-keystroke="shift ctrl up" />
    <keyboard-shortcut first-keystroke="ctrl alt 3" />
  </action>
  <action id="SplitHorizontally">
    <keyboard-shortcut first-keystroke="ctrl alt 2" />
  </action>
  <action id="SplitVertically">
    <keyboard-shortcut first-keystroke="ctrl alt 1" />
  </action>
  <action id="StretchSplitToBottom">
    <keyboard-shortcut first-keystroke="ctrl alt 5" />
  </action>
  <action id="StretchSplitToLeft">
    <keyboard-shortcut first-keystroke="ctrl alt 4" />
  </action>
  <action id="StretchSplitToRight">
    <keyboard-shortcut first-keystroke="ctrl alt 6" />
  </action>
  <action id="StretchSplitToTop">
    <keyboard-shortcut first-keystroke="ctrl alt 3" />
  </action>
  <action id="Terminal.SwitchFocusToEditor" />
  <action id="Unsplit">
    <keyboard-shortcut first-keystroke="shift ctrl alt 5" />
  </action>
  <action id="UnsplitAll">
    <keyboard-shortcut first-keystroke="shift ctrl alt 6" />
  </action>
</keymap>